{
  "1": {
    "question": "The Indian National Congress was founded by:\n(a) A.O.Hume\n(b) Bal Gangadhar Tilak\n(c) Motilal Nehru\n(d) Surendranath Banerjee\n",
    "answer": "a",
    "more_info": "On 28 December 1885, the Indian National Congress was founded at Gokuldas Tejpal Sanskrit College in Bombay, with 72 delegates in attendance. Hume assumed office as the General Secretary, and Womesh Chunder Bonnerjee of Calcutta was elected President.",
    "user_response": "None"
  },
  "2": {
    "question": "The author of 'Poverty and Un-British Rule in India is\n(a) R. C. Dutt\n(b) Dadabhai Naoroji\n(c) Lala Lajpat Rai\n(d) Surendra Nath Banerjee\n",
    "answer": "b",
    "more_info": "In 1867, Dadabhai Naoroji put forward the 'drain of wealth' theory in which he stated that the Britain was completely draining India. He mentioned this theory in his book Poverty and Un-British Rule in India.",
    "user_response": "None"
  },
  "3": {
    "question": "Who among the following was popularly known as the Frontier Gandhi?\n(a) Hasrat Mohani\n(b) Maulana Abul Kalam Azad\n(c) Khan Abdul Ghaffar Khan\n(d) Iqbal Khan\n",
    "answer": "c",
    "more_info": "Khan Abdul Ghaffar Khan, leader of the Pukhtuns, was given the sobriquet of 'Sarhadi Gandhi' by his followers in reference to his commitment to the freedom struggle and non-violence. Ghaffar Khan was a great admirer of Mahatma Gandhi.",
    "user_response": "None"
  },
  "4": {
    "question": "When did the First World War begin? \n(a) 28th July 1914\n(b) 20th July 1913\n(c) 28th May 1900\n(d) 28th June 1914\n",
    "answer": "a",
    "more_info": "World War I, also known as the First World War, the Great War, and initially in North America as the European War, was a global war originating in Europe that lasted from 28 July 1914 to 11 November 1918.",
    "user_response": "None"
  },
  "5": {
    "question": "In the eighteenth century, which king was regarded as 'the most dangerous rival' in Mysore by the British? \n(a) Banda Bahadur\n(b) Ahmed Shah Abdali\n(c) Shah Alam II\n(d) Hyder Ali\n",
    "answer": "d",
    "more_info": "Hyder Ali was the Sultan and de facto ruler of the Kingdom of Mysore in southern India. Born as Sayyid wal Sharif Hyder Ali Khan, he distinguished himself militarily, eventually drawing the attention of Mysore's rulers.",
    "user_response": "None"
  },
  "6": {
    "question": "Who was the first president of India? \n(a) Rajendra Prasad\n(b) Ram Nath Kovind\n(c) Sarvepalli Radhakrishnan\n(d) Mohammad Hidayatullah\n",
    "answer": "a",
    "more_info": "Rajendra Prasad (3 December 1884 – 28 February 1963) was an Indian independence activist, lawyer, scholar and subsequently, the first President of India, in office from 1950 to 1962.[1] He was an Indian political leader and lawyer by training. Prasad joined the Indian National Congress during the Indian Independence Movement and became a major leader from the region of Bihar. A supporter of Mahatma Gandhi, Prasad was imprisoned by British authorities during the Salt Satyagraha of 1931 and the Quit India movement of 1942. After the 1946 elections, Prasad served as Minister of Food and Agriculture in the central government. Upon independence in 1947, Prasad was elected as President of the Constituent Assembly of India, which prepared the Constitution of India and served as its provisional parliament..",
    "user_response": "None"
  },
  "7": {
    "question": "The Rowlatt Act was passed in: \n(a)1905 \n(b)1913 \n(c)1919 \n(d)1925\n",
    "answer": "c",
    "more_info": "The Anarchical and Revolutionary Crimes Act of 1919 , popularly known as the Rowlatt Act or Black Act, was a legislative act passed by the Imperial Legislative Council in Delhi on 10 March 1919, indefinitely extending the emergency measures of preventive indefinite detention, incarceration without trial and judicial review enacted in the Defence of India Act 1915 during the First World War.",
    "user_response": "None"
  },
  "8": {
    "question": "The Gandhi-Irwin Pact was signed on: \n(a)July 8, 1931 \n(b)March 8, 1931 \n(c)January 8, 1931 \n(d)June 8, 1931 \n",
    "answer": "b",
    "more_info": "The Gandhi-Irwin Pact was a political agreement signed by Mahatma Gandhi and Lord Irwin, the then Viceroy of India, on 5 March 1931 before the second Round Table Conference in London.",
    "user_response": "None"
  },
  "9": {
    "question": "Aurobindo Ghose, Barindra Kumar Ghose, B.P. Mitra, Abinash Bhattacharya and Bhupendranath Dutta were associated with the revolutionary organization: \n(a)Anushilan Samiti (in Bengal) \n(b)Satya Shodhak Samaj \n(c)Bengal Society \n(d)Lok Pal Party\n",
    "answer": "a",
    "more_info": "Aurobindo Ghose, Barindra Kumar Ghose, B.P. Mitra, Abinash Bhattacharya and Bhupendranath Dutta were associated with the revolutionary organization Anushilan Samiti (in Bengal). The history of the Anushilan Samiti stretches from its beginning early in the first decade of 1900 to its gradual dissemination into the Congress-led Indian independence movement and into the Communist politics in India in the late 1930s. The Samiti began in the first decade of the 20th century in Calcutta as conglomeration of local youth groups and gyms.",
    "user_response": "None"
  },
  "10": {
    "question": "Who was Henry VIIIs last wife?: \n(a)Catherine of Aragon \n(b)Jane Seymour \n(c)Catherine Howard \n(d)Catherine Parr \n",
    "answer": "d",
    "more_info": "Catherine Parr, sometimes alternatively spelled Katherine, Katheryn, Kateryn or Katharine (1512 – 5 September 1548), was queen consort of England and Ireland as the last of the six wives of King Henry VIII, and the final queen consort of the House of Tudor. She married him on 12 July 1543, and outlived him by a year and eight months. With four husbands she is the most-married English queen. Catherine enjoyed a close relationship with Henry's three children and was personally involved in the education of Elizabeth I and Edward VI. She was influential in Henry's passing of the Third Succession Act in 1543 that restored both his daughters, Mary and Elizabeth, to the line of succession to the throne",
    "user_response": "None"
  },
  "11": {
    "question": "What colour were the pyramids at Giza originally?: \n(a)Red \n(b)White \n(c)Brown \n(d)Gray \n",
    "answer": "b",
    "more_info": "When the pyramids were originally finished, they were plated in and outer layer of  white “casing stones”.  These casing stones were cut with astounding precision to give a smooth slope to the pyramids, unlike how they appear today with the outer stones more or less forming very large “steps”. The original casing stones were made of highly polished Tura limestone, meant to reflect the sun’s rays, and were accurate within 1/100th of an inch.",
    "user_response": "None"
  },
  "12": {
    "question": "What was the name of the mythological monster that had nine heads?: \n(a)Kraken \n(b)Scylla \n(c)Hydra \n(d)Sirens\n",
    "answer": "c",
    "more_info": "Hydra, also called the Lernean Hydra, in Greek legend, the offspring of Typhon and Echidna (according to the early Greek poet Hesiod's Theogony), a gigantic water-snake-like monster with nine heads, one of which was immortal.",
    "user_response": "None"
  },
  "13": {
    "question": "Who were the Axis powers in World War- II: \n(a)Poland, Japan, Germany \n(b)Germany, Italy, Japan \n(c)Italy, Japan, Britain \n(d)Germany, Italy, France \n",
    "answer": "b",
    "more_info": "The World War-II lasted from 1939 to 1945 fought between two opposite Military alliances the Allied powers (France, Great Britain, The United States, The Soviet Union) and the Axis powers (Germany, Italy, Japan).",
    "user_response": "None"
  },
  "14": {
    "question": "The term “Cold War” was coined by: \n(a)Palmer Perkins \n(b)Prof. Lippmann \n(c)Bernard Baruch \n(d)Roosevelt \n",
    "answer": "c",
    "more_info": "Bernard Baruch, the multimillionaire financier and adviser to presidents from Woodrow Wilson to Harry S. Truman, coined the term “Cold War” to describe the increasingly chilly relations between two World War II Allies: the United States and the Soviet Union.",
    "user_response": "None"
  },
  "15": {
    "question": "The East India Association was set up in: \n(a)1866 \n(b)1857 \n(c)1836 \n(d)1885\n",
    "answer": "a",
    "more_info": "The East India Association was founded by Dadabhai Naoroji in 1866, in collaboration with Indians and retired British officials in London. It superseded the London Indian Society and was a platform for discussing matters and ideas about India, and to provide representation for Indians to the Government.",
    "user_response": "None"
  },
  "16": {
    "question": "In 1932, Poona Pact was signed between: \n(a)Gandhiji and Jawahar Lal Nehru \n(b)Gandhiji and Dr. B. R. Ambedkar \n(c)Dr. B. R. Ambedkar and Jawahar Lal Nehru \n(d)Gandhiji and Md. Ali Jinnah\n",
    "answer": "b",
    "more_info": "The Poona Pact refers to an agreement between B. R. Ambedkar and Mahatma Gandhi on the reservation of electoral seats for the depressed classes in the legislature of British India government. It was made on 24 September 1932 at Yerwada Central Jail in Poona, India and was signed by Mahatma Gandhi, B.R Ambedkar and some other leaders as a means to end the fast that Gandhi was undertaking in jail as a protest against the decision by British prime minister Ramsay MacDonald to give separate electorates to depressed classes for the election of members of provincial legislative assemblies in British India. They finally agreed upon 148 electoral seats.",
    "user_response": "None"
  },
  "17": {
    "question": "Which movement was started Mahatma Gandhi on March 12, 1930: \n(a)Khilafat movement \n(b)Quit India Movement \n(c)Noncooperation Co-operation \n(d) Civil Disobedience Movement\n",
    "answer": "d",
    "more_info": "On March 12, 1930, Indian independence leader Mahatma Gandhi begins a defiant march to the sea in protest of the British monopoly on salt, his boldest act of civil disobedience yet against British rule in India.",
    "user_response": "None"
  },
  "18": {
    "question": "The First Round Table was held on: \n(a)November 12, 1930 \n(b)December 12, 1930 \n(c)November 12, 1937 \n(d) October 12, 1930\n",
    "answer": "a",
    "more_info": "First Round Table Conference was held between November 1930 and January 1931. It was officially inaugurated on November 12, 1930 at House of Lords at London by the British King (George V) and was chaired by then British Prime Minister, Ramsay MacDonald.",
    "user_response": "None"
  },
  "19": {
    "question": "Which is considered as oldest civilization of the world ?: \n(a)Mesopotamian Civilization \n(b)Egyptain Civilization \n(c)Harappan Civilization \n(d)Chinese Civilization\n",
    "answer": "a",
    "more_info": "Mesopotamian Civilization (4000 BC - 6th Cen. BC) \nEgyptain Civilization (3400 BC - 1000 BC) \nHarappan Civilization (2500 BC - 1750 BC) \nChinese Civilization (1765 BC - 250 BC) \nThe origin of Mesopotamia dates back so far that there is no known evidence of any other civilized society before them. The timeline of ancient Mesopotamia is usually held to be from around 3300 BC to 750 BC. Mesopotamia is generally credited as being the first place where civilized society truly began to take shape. It was somewhere around 8000 BC that people developed the idea of agriculture and slowly started to domesticate animals for both food and to assist in farming.",
    "user_response": "None"
  },
  "20": {
    "question": "Who is known as Man of Blood and Iron?: \n(a)Napoleon \n(b)Bismarck \n(c)Ho Chi Minh \n(d)Sir Walter Scott \n",
    "answer": "b",
    "more_info": "'Napoleon' is also known as Man of Destiny,\n'Ho Chi Minh' is also known as Uncle Ho,\n'Sir Walter Scott' is also known as Wizard of the North.\nOtto von Bismarck (Prince Bismarck), called “man of blood” from his great war policy, and “iron” from his indomitable will. Many years Chancellor of Prussia and Germany. (Born September 1st, 1815)",
    "user_response": "None"
  },
  "21": {
    "question": "In which year Hitler became the Chancellor of Germany?: \n(a)1932 \n(b)1933 \n(c)1944 \n(d)1945 \n",
    "answer": "b",
    "more_info": "On January 30, 1933, President Paul von Hindenburg names Adolf Hitler, leader or führer of the National Socialist German Workers Party (or Nazi Party), as chancellor of Germany.Hitler’s emergence as chancellor on January 30, 1933, marked a crucial turning point for Germany and, ultimately, for the world. His plan, embraced by much of the German population, was to do away with politics and make Germany a powerful, unified one-party state. He began immediately, ordering a rapid expansion of the state police, the Gestapo, and putting Hermann Goering in charge of a new security force, composed entirely of Nazis and dedicated to stamping out whatever opposition to his party might arise.",
    "user_response": "None"
  },
  "21": {
    "question": "Who among the following were the first to invade India?: \n(a)Afghan \n(b)Moguls \n(c)Arabs \n(d)Turks\n",
    "answer": "c",
    "more_info": "The initial encounter of the Hindu rulers of Sindh began in 636  when Caliph Umar ibn al-Khattab invaded India against Thane and Bharuch under the leadership Hakam. Thereon a number of Arab invasions took place in India. In this context, the invasion of Mohammed Bin Qasim in 712 AD was significant. He attacked Sindh with a cavalry of around 8000. On the other hand, the invasions of Afghans, Mongols and Turks took place in the later centuries.",
    "user_response": "None"
  },
  "22": {
    "question": "The paintings in the Ajanta and Ellora caves are indicative of development of art under the...: \n(a)Rashtrakutas \n(b)Pallavas \n(c)Pandya’s  \n(d)Chalukyas\n",
    "answer": "a",
    "more_info": "All Ellora monuments were built during Hindu dynasties (funding was done by royals, traders and rich of that region), such as the Rashtrakuta dynasty who built some of the Hindu & Buddhist group of caves, and Yadav dynasty who built some of the Jain group of caves.",
    "user_response": "None"
  },
  "23": {
    "question": "The first Indian ruler, who established the supremacy of Indian Navy in the Arabian Sea was: \n(a)Rajaraja 1 \n(b)Rajendra 1 \n(c)Rajadhiraja 1 \n(d)Kulottunga 1\n",
    "answer": "a",
    "more_info": "Rajaraja Chola I created a powerful standing army and a considerable navy, which achieved even greater success under his son Rajendra Chola I. One of the last conquests of Rajaraja was the naval conquest of the ‘old islands of the sea numbering 12,000’, the Maldives. Chola Navy also had played a major role in the invasion of Lanka.",
    "user_response": "None"
  },
  "24": {
    "question": "The first newspaper published in India in 1780 was: \n(a)The Bengal Gazette or Calcutta General Advertiser \n(b)The Calcutta Chronicle \n(c)The Madras Courier \n(d)The Bombay Herald\n",
    "answer": "a",
    "more_info": "Hicky's Bengal Gazette or the Original Calcutta General Advertiser was an English language weekly newspaper published in Kolkata (then Calcutta), the capital of British India. It was the first newspaper printed in Asia, and was published for two years, between 1780 and 1782, before the East India Company seized the newspaper's types and printing press. Founded by James Augustus Hicky, a highly eccentric Irishman who had previously spent two years in jail for debt, the newspaper was a strong critic of the administration of Governor General Warren Hastings. The newspaper was important for its provocative journalism and its fight for free expression in India",
    "user_response": "None"
  },
  "25": {
    "question": "Where did Gautama Buddha delivered his first sermon, known as Dharma Chakra Pravartan: \n(a)Sanchi \n(b)Sarnath  \n(c)Sravasti \n(d)Bodh Gaya \n",
    "answer": "b",
    "more_info": "The sermon, Buddha gave to the five monks, was his first sermon, called the Dhammacakkappavattana Sutta(Dharma Chakra Pravartan). It was given on the full-moon day of Asalha Puja. Buddha subsequently also spent his first rainy season at Sarnath at the Mulagandhakuti",
    "user_response": "None"
  },
  "26": {
    "question": "Who translated Ramayana into Persian?: \n(a)Abdul Fazi \n(b)Badauni \n(c)Isar Das \n(d)Abdul Latif\n",
    "answer": "a",
    "more_info": "In 1574 Akbar started a Maktab Khana or a house of translation works in Fatehpur Sikri. He endorsed the work to a few officials to make translations of the Sanskrit books Rajatarangini, Ramayana and Mahabharata into the Persian language. Amongst those officials, Abdul Fazi translated Ramayana into Persian.",
    "user_response": "None"
  },
  "27": {
    "question": "Chinese traveller Hiuen-Tsang studied at the University of: \n(a)Taxila \n(b)Magadh \n(c)Vikramshila \n(d)Nalanda \n",
    "answer": "d",
    "more_info": "Chinese traveller Hiuen-Tsang studied at the University of Nalanda.Hiuen Tsang (Xuanzang, Hsuan Tsang or Yuan Chwang) was a Chinese traveller. In Ancient Times, he visited India. Prince of Pilgrims was the name attributed to Hiuen Tsang. Hsuan Tsang studied at Nalanda for 15 months. He studied there to learn Sanskrit and even studied Indian philosophy, grammar and logic. Nalanda is located in the district of Nalanda, Bihar, India. Its official name is Archaeological Site of Nalanda Mahavihara (Nalanda University) at Nalanda, Bihar. It was founded in 5th century CE and abandoned in 13th century CE.It is a United Nations Educational, Scientific and Cultural Organization (UNESCO) World Heritage Site.",
    "user_response": "None"
  },
  "28": {
    "question": "The ancient name of North Bihar was: \n(a)Vajji \n(b)Vatsa \n(c)Surasena \n(d) Avant\n",
    "answer": "a",
    "more_info": "Vajji (Sanskrit: Vṛji) or Vrijji was a confederacy of neighbouring clans including the Licchavis and one of the principal mahājanapadas of Ancient India. The area they ruled constitutes the region of Mithila in northern Bihar and their capital was the city of Vaishali. Both the Buddhist text Aṅguttara Nikāya and the Jaina text Bhagavati Sūtra (Saya xv Uddesa I) included Vajji in their lists of solasa (sixteen) mahājanapadas. The name of this mahājanapada was derived from one of its ruling clans, the Vṛjis. The Vajji state is indicated to have been a republic.",
    "user_response": "None"
  },
  "29": {
    "question": "Who amongst the following was a contemporary of Gautama Buddha?: \n(a)Bhadrabahu \n(b)Chandragupta Maurya \n(c)Parsvanath \n(d)Vardhaman Mahavira \n",
    "answer": "d",
    "more_info": "Vardhamana Mahavira, also known as Mahavira, was the twenty-fourth tirthankara who revived Jainism. Both Mahavira and Gauthama Buddha are contemporary to each other as they propound their religions Jainism and Buddhism in India.",
    "user_response": "None"
  },
  "30": {
    "question": "Which one of the following dynasties was ruling over North India at the time of Alexander's invasion: \n(a)Nanda \n(b)Maurya \n(c)Sunga \n(d)Kanva \n",
    "answer": "a",
    "more_info": "Alexander invaded India in 326 BC. Nandas were ruling over India at that time. The chronological order of these 4 dynasties was: Nanda, Maurya, Sunga and Kanvas. The Nanda dynasty ruled in northern part of the Indian subcontinent during the 4th century BCE, and possibly during the 5th century BCE. The Nandas overthrew the Shaishunaga dynasty in the Magadha region of eastern India, and expanded their empire to include a larger part of northern India.",
    "user_response": "None"
  },
  "31": {
    "question": "Which one of the following scripts of ancient India was written from right to left?: \n(a)Brahmi \n(b)Kharoshti \n(c)Nandnagari \n(d)Sharada \n",
    "answer": "b",
    "more_info": "The Kharoshi script is an ancient script used by the ancient Gandhara culture of South Asia primarily in modern-day Afghanistan and Pakistan to write the Gandhari language (a dialect of Prakrit) and the Sanskrit language.",
    "user_response": "None"
  },
  "32": {
    "question": "The Chinese traveller Hiuen Tsang, called the prince of pilgrims visited India during the reign of : \n(a)Harsha \n(b)Chandragupta II \n(c)Dharampala \n(d)Devapala \n",
    "answer": "a",
    "more_info": "Hiuen Tsang was the Chinese traveler who visited India in Ancient Times between AD 627-643. He visited India during the reign of Harshavardhana (Harsha) who came to admire him for his deep devotion towards Buddhism.",
    "user_response": "None"
  },
  "33": {
    "question": "Who was the first Indian ruler who had territory outside India ?: \n(a)Ashoka \n(b)Chandra Guptha Maurya \n(c)Huvishka \n(d)Kanishka \n",
    "answer": "d",
    "more_info": "Kanishka was the first Indian ruler who had territory outside India. Kanishka, was the great ruler of Kunshan dynasty in second century (127-150). He ruled all part of the northern Indian and outside India such as Afghanistan, Central Asia. His kingdom covered Patliputra form the east to Bukhara (Ujbekistan) to the west and Pamiers (Tajikistan), and Yarkand (Xiniinag-China) from north to the Central India..",
    "user_response": "None"
  },
  "34": {
    "question": "Who was the last Mughal Emperor of India?: \n(a)Akbar II \n(b)Bahadur Shah II \n(c)Alamgir II \n(d)Shah Alam II \n",
    "answer": "b",
    "more_info": "Bahadur Shah Zafar or Bahadur Shah II (born as Mirza Abu Zafar Siraj-ud-din Muhammad) (24 October 1775 – 7 November 1862) was the last Mughal emperor. He was the second son of and became the successor to his father, Akbar II, upon his death on 28 September 1837. He was a nominal Emperor, as the Mughal Empire existed in name only and his authority was limited only to the walled city of Old Delhi (Shahjahanbad). Following his involvement in the Indian Rebellion of 1857, the British exiled him to Rangoon in British-controlled Burma (now in Myanmar), after convicting him on several charges.",
    "user_response": "None"
  },
  "35": {
    "question": "The battle of Mahabharata is believed to have been foughts at Kurukshetra for: \n(a)14 days  \n(b)16 days \n(c)18 days \n(d)20 days \n",
    "answer": "c",
    "more_info": "The Kurukshetra War, also called the Mahabharata War, is a war described in the Hindu epic poem Mahābhārata. The conflict arose from a dynastic succession struggle between two groups of cousins, the Kauravas and Pandavas, for the throne of Hastinapura. It involved several ancient kingdoms participating as allies of the rival groups. The war lasted exactly for eighteen days, since sunrise to sunset.",
    "user_response": "None"
  },
  "36": {
    "question": "The `Peloponnesian war` was fought between: \n(a)Sparta and Macedon \n(b)Athens and Persia \n(c)Sparta and Athens \n(d)Sparta and Corinth \n",
    "answer": "c",
    "more_info": "The Peloponnesian war, between Athens and Sparta from 431 to 404 BC ended in the defeat of Athens and the destruction of her democracy. Athens became a subject state of sparta. This war marked the beginning of the end of the `Glory that was Greece`.",
    "user_response": "None"
  },
  "37": {
    "question": "Who was the first woman in space?: \n(a)Sunitha Williams \n(b)Valentina Tereshkova \n(c)Masida namisha \n(d)Tamara Press \n",
    "answer": "b",
    "more_info": "On June 16, 1963, aboard Vostok 6, Soviet Cosmonaut Valentina Tereshkova becomes the first woman to travel into space. After 48 orbits and 71 hours, she returned to earth, having spent more time in space than all U.S. astronauts combined to that date.",
    "user_response": "None"
  },
  "40": {
    "question": "A king of the Roman Empire, in 37 B.C, became the most powerful and ruled for 44 years.Who was that king?: \n(a)Octavian \n(b)Julius Caeser \n(c)Lapidus \n(d)Mark Antony \n",
    "answer": "a",
    "more_info": "In 37 BC, Octavian became the most powerful man in the Roman Empire for 44 years under the titles of Augustus, which meant 'holy' and imperator, meaning 'Victorious general'. He also called himself Princeps, 'first citizen of the state'. The period of Roman history beginning with his rule upto A.D 284 is called the principate. His rule and the period following it were  peaceful and  are known in history as 'Pax Romana' which means 'Roman Peace'.",
    "user_response": "None"
  },
  "41": {
    "question": "Who was the last Emperor of Rome?: \n(a)Nero \n(b)Caeser \n(c)Romulus Augustulus \n(d)Julius\n",
    "answer": "c",
    "more_info": "Flavius Romulus Augustus (c. AD 460 – after AD 476; possibly still alive as late as AD 507), known derisively and historiographically as Romulus Augustulus, was the Roman emperor who ruled the Western Roman Empire from 31 October 475 until 4 September 476. He is often described as the 'last Western Roman emperor'. His deposition by Odoacer traditionally marks the end of the Roman Empire in the West, the end of Ancient Rome, and the beginning of the Middle Ages in Western Europe.",
    "user_response": "None"
  },
  "42": {
    "question": "Who wrote the first history book?: \n(a)Herodotus \n(b)Euclid \n(c)Julius Caesar \n(d)Aristotle \n",
    "answer": "a",
    "more_info": "The Histories of Herodotus (c. 484-c. 425 BCE) is the earliest extant historical narrative. Written in the second half of the 5th century BCE by the Greek author Herodotus, it aims to describe and explain the long history of conflict between Greeks and non-Greeks, culminating in the Graeco-Persian Wars of the early 5th century..",
    "user_response": "None"
    },
  "43": {
    "question": "Who started the construction of the Colosseum in Rome?: \n(a)Nero \n(b)Titus \n(c)Octavian \n(d)Vespasian\n",
    "answer": "d",
    "more_info": "The Colosseum, also named the Flavian Amphitheater, is a large amphitheater in Rome. It was built during the reign of the Flavian emperors as a gift to the Roman people. Construction of the Colosseum began sometime between A.D. 70 and 72 under the emperor Vespasian. It opened nearly a decade later and was modified several times in the following years. When the Colosseum first opened, the emperor Titus celebrated with a hundred days of gladiatorial games. Emperors traditionally attended the games. The emperor Commodus is known to have performed in the arena on hundreds of occasions. Aside from the games, the Colosseum also hosted dramas, reenactments, and even public executions.",
    "user_response": "None"
  },
  "44": {
    "question": "In which decade was the SPICE simulator introduced: \n(a)1962 \n(b)1972 \n(c)1982 \n(d)1992 \n",
    "answer": "b",
    "more_info": "SPICE (Simulation Program with Integrated Circuit Emphasis) was introduced in May 1972 by the University of Berkeley, California.",
    "user_response": "None"
  },
  "45": {
    "question": "Kargil War against Pakistan started in the year?: \n(a)1961 \n(b)1965 \n(c)1972 \n(d)1999 \n",
    "answer": "d",
    "more_info": "The Kargil War, also known as the Kargil conflict, was an armed conflict between India and Pakistan that took place between May and July 1999 in the Kargil district of Kashmir and elsewhere along the Line of Control (LOC).",
    "user_response": "None"
  },
  "46": {
    "question": "Gateway of India was built by: \n(a)Frank Lloyd Wright \n(b)George Wittet \n(c)Frank Gehry \n(d)Zaha Hadid \n",
    "answer": "b",
    "more_info": "In 1911 King George V and queen Mary visited Delhi so to commemorate the arrival of their king, the British decided to make a gateway of India. The chief architect of this gateway was George Wittet. Its construction was completed in 1911. The gateway was opened on 4th December 1924, by the Viceroy, the Earl of Reading. Its central dome is 15 metres in diameter, and touches the height of 26 metres above the ground.",
    "user_response": "None"
  },
  "47": {
    "question": "Who was the First Governor General of Bengal?: \n(a)Lord William Bentinck \n(b)Sir William Denison \n(c)The Lord Napier \n(d)Warren Hastings \n",
    "answer": "c",
    "more_info": "The Regulating Act of 1773 was the first step taken by the British Government to control and regulate affairs of the East India Company. It designated the Governor of Bengal as the Governor-General of Bengal and created an Executive Council of 4 to assist him. Lord Warren Hastings was the first Governor-General of Bengal.",
    "user_response": "None"
  },
  "48": {
    "question": "Name the British General who was responsible for the Jallianwalla Bagh massacre.: \n(a)Dyer \n(b)Hastings \n(c)Cornwallis \n(d)Dalhousie \n",
    "answer": "a",
    "more_info": "The Jallianwala Bagh massacre, also known as the Amritsar massacre, took place on 13 April 1919, when Acting Brigadier-General Reginald Dyer ordered troops of the British Indian Army to fire their rifles into a crowd of unarmed Indian civilians in Jallianwala Bagh, Amritsar, Punjab, killing at least 379 people.",
    "user_response": "None"
  },
  "49": {
    "question": "Who was the first Viceroy of India?: \n(a)Lord Canning \n(b)Lord Curzon \n(c)Lord Mountbatten \n(d)Lord Wavell \n",
    "answer": "a",
    "more_info": "Lord Canning was the first Viceroy of India. The title of Viceroy was created in 1858 after the mutiny of 1857. Before 1858, East India Company was ruling large parts of India and the head of administration of the East India Company was called Governor General. This office was created in 1773. The title Governor General had administrative control over the British Provinces of India (Punjab, Bengal, Bombay, Madras, United Provinces etc.). After the mutiny of 1857, the British Government took control of the administration from East India Company. To reflect the Governor General's role as representative from the monarch, the term Viceroy of India was applied to him. The title remained in existence from 1858 till 1947. Lord Caning was Governor General of India from 1856 to 1858 and Viceroy of India from 1858 to 1862.",
    "user_response": "None"
  },
  "50": {
    "question": "Where and when the first session of Indian National Congress was held?: \n(a)Delhi, 1890 \n(b)Mumbai, 1885 \n(c)Madras, 1887 \n(d)Kolkata, 1889 \n",
    "answer": "b",
    "more_info": "The first session of Indian National Congress was held from 28–31 December 1885, in Mumbai and was attended by 72 delegates. Womesh Chandra Bonnerjee was the first president of the Indian National Congress (INC), a voice of Indian opinion to the British government.",
    "user_response": "None"
  }

}
