{
  "1": {
    "question": "Which one is the largest ocean in the World?\n(a) Indian\n(b) Pacific\n(c) Atlantic\n(d) Arctic\n",
    "answer": "b",
    "more_info": "https://en.wikipedia.org/wiki/World_Ocean",
    "user_response": "None"
  },
  "2": {
    "question": "Dead Sea is located between which two countries?\n(a)Jordan and Sudan\n(b)Jordan and Israel\n(c)Turkey and UAE\n(d)UAE and Egypt\n",
    "answer": "b",
    "more_info": "https://en.wikipedia.org/wiki/Dead_Sea",
    "user_response": "None"
  },
  "3": {
    "question": "Which country gifted the 'Statue of Liberty' to USA in 1886?\n(a)French\n(b)Canada\n(c)Brazil\n(d)England\n",
    "answer": "a",
    "more_info": "https://en.wikipedia.org/wiki/Statue_of_Liberty",
    "user_response": "None"
  },
  "4": {
    "question": "In which ocean 'Bermuda Triangle' region is located?\n(a)Atlantic\n(b)Indian\n(c)Pacific\n(d)Arctic\n",
    "answer": "a",
    "more_info": "https://en.wikipedia.org/wiki/Bermuda_Triangle",
    "user_response": "None"
  },
  "5": {
    "question": "Which one is the largest producer of tea in the World?\n(a)China\n(b)Sri Lanka\n(c)India\n(d)Kenya\n",
    "answer": "a",
    "more_info": "https://en.wikipedia.org/wiki/Tea",
    "user_response": "None"
  },
  "6": {
    "question": "Earth day is celebrated on?\n(a)September 17\n(b)February 16\n(c)April 4\n(d)April 22\n",
    "answer": "d",
    "more_info": "https://www.earthday.org/about/the-history-of-earth-day/",
    "user_response": "None"
  },
  "7": {
    "question": "Where the headquaters of World Wide Fund for Nature (WWF) located?\n(a)Canada\n(b)Switzerland\n(c)Germany\n(d)USA\n",
    "answer": "b",
    "more_info": "https://en.wikipedia.org/wiki/World_Wide_Fund_for_Nature",
    "user_response": "None"
  },
  "8": {
    "question": "Which country is the largest producer of cotton?\n(a)India\n(b)Pakistan\n(c)Brazil\n(d)China\n",
    "answer": "d",
    "more_info": "https://www.worldatlas.com/articles/top-cotton-producing-countries-in-the-world.html",
    "user_response": "None"
  },
  "9":{
    "question": "With which of the following books did Arthur Conan Doyle make his literary debut?\n(a)A Study in Scarlet \n(b)The Surgeon of Gaster Fell \n(c)The Lost World\n(d)The Adventures of Sherlock Holmes\n",
    "answer": "b",
    "more_info": "https://www.orderofbooks.com/authors/sir-arthur-conan-doyle/",
    "user_response": "None"
  }
}
